1;156;198;100;NULL;625000;NULL;NULL
2;156;198;150;NULL;679800;NULL;NULL
3;156;198;200;NULL;736700;NULL;NULL
4;156;198;250;NULL;795700;NULL;NULL
5;156;198;300;NULL;856800;NULL;NULL
6;156;198;350;NULL;920000;NULL;NULL
7;156;198;400;NULL;985300;NULL;NULL
8;156;198;450;NULL;1052700;NULL;NULL
9;156;198;500;NULL;1122200;NULL;NULL
10;156;198;550;NULL;1193800;NULL;NULL
11;156;198;600;NULL;1267500;NULL;NULL
12;156;198;650;NULL;1343300;NULL;NULL
13;156;198;700;NULL;1421200;NULL;NULL
14;156;198;750;NULL;1501200;NULL;NULL
15;156;198;800;NULL;1583300;NULL;NULL
16;156;198;850;NULL;1667500;NULL;NULL
17;156;198;900;NULL;1753800;NULL;NULL
18;156;198;950;NULL;1842200;NULL;NULL
19;156;198;1000;NULL;1925000;NULL;NULL
20;156;198;NULL;1;795700;NULL;NULL
21;156;198;NULL;2;1122200;NULL;NULL
22;156;198;NULL;3;1501200;NULL;NULL
23;156;198;NULL;4;1925000;NULL;NULL
24;156;208;100;NULL;750000;NULL;NULL
25;156;208;150;NULL;824000;NULL;NULL
26;156;208;200;NULL;901000;NULL;NULL
27;156;208;250;NULL;981000;NULL;NULL
28;156;208;300;NULL;1064000;NULL;NULL
29;156;208;350;NULL;1150000;NULL;NULL
30;156;208;400;NULL;1239000;NULL;NULL
31;156;208;450;NULL;1331000;NULL;NULL
32;156;208;500;NULL;1426000;NULL;NULL
33;156;208;550;NULL;1524000;NULL;NULL
34;156;208;600;NULL;1625000;NULL;NULL
35;156;208;650;NULL;1729000;NULL;NULL
36;156;208;700;NULL;1836000;NULL;NULL
37;156;208;750;NULL;1946000;NULL;NULL
38;156;208;800;NULL;2059000;NULL;NULL
39;156;208;850;NULL;2175000;NULL;NULL
40;156;208;900;NULL;2294000;NULL;NULL
41;156;208;950;NULL;2416000;NULL;NULL
42;156;208;1000;NULL;2541000;NULL;NULL
43;156;208;NULL;1;981000;NULL;NULL
44;156;208;NULL;2;1426000;NULL;NULL
45;156;208;NULL;3;1946000;NULL;NULL
46;156;208;NULL;4;2541000;NULL;NULL
47;156;212;100;NULL;750000;NULL;NULL
48;156;212;150;NULL;824000;NULL;NULL
49;156;212;200;NULL;901000;NULL;NULL
50;156;212;250;NULL;981000;NULL;NULL
51;156;212;300;NULL;1064000;NULL;NULL
52;156;212;350;NULL;1150000;NULL;NULL
53;156;212;400;NULL;1239000;NULL;NULL
54;156;212;450;NULL;1331000;NULL;NULL
55;156;212;500;NULL;1426000;NULL;NULL
56;156;212;550;NULL;1524000;NULL;NULL
57;156;212;600;NULL;1625000;NULL;NULL
58;156;212;650;NULL;1729000;NULL;NULL
59;156;212;700;NULL;1836000;NULL;NULL
60;156;212;750;NULL;1946000;NULL;NULL
61;156;212;800;NULL;2059000;NULL;NULL
62;156;212;850;NULL;2175000;NULL;NULL
63;156;212;900;NULL;2294000;NULL;NULL
64;156;212;950;NULL;2416000;NULL;NULL
65;156;212;1000;NULL;2541000;NULL;NULL
66;156;212;NULL;1;981000;NULL;NULL
67;156;212;NULL;2;1426000;NULL;NULL
68;156;212;NULL;3;1946000;NULL;NULL
69;156;212;NULL;4;2541000;NULL;NULL
70;156;221;100;NULL;750000;NULL;NULL
71;156;221;150;NULL;828750;NULL;NULL
72;156;221;200;NULL;910000;NULL;NULL
73;156;221;250;NULL;993750;NULL;NULL
74;156;221;300;NULL;1080000;NULL;NULL
75;156;221;350;NULL;1168750;NULL;NULL
76;156;221;400;NULL;1260000;NULL;NULL
77;156;221;450;NULL;1353750;NULL;NULL
78;156;221;500;NULL;1450000;NULL;NULL
79;156;221;550;NULL;1548750;NULL;NULL
80;156;221;600;NULL;1650000;NULL;NULL
81;156;221;650;NULL;1753750;NULL;NULL
82;156;221;700;NULL;1860000;NULL;NULL
83;156;221;750;NULL;1968750;NULL;NULL
84;156;221;800;NULL;2080000;NULL;NULL
85;156;221;850;NULL;2193750;NULL;NULL
86;156;221;900;NULL;2310000;NULL;NULL
87;156;221;950;NULL;2428750;NULL;NULL
88;156;221;1000;NULL;2550000;NULL;NULL
89;156;221;NULL;1;1467968;NULL;NULL
90;156;221;NULL;2;1450000;NULL;NULL
91;156;221;NULL;3;1968750;NULL;NULL
92;156;221;NULL;4;2550000;NULL;NULL
93;156;260;100;NULL;1250000;NULL;NULL
94;156;260;150;NULL;1415250;NULL;NULL
95;156;260;200;NULL;1586000;NULL;NULL
96;156;260;250;NULL;1762250;NULL;NULL
97;156;260;300;NULL;1944000;NULL;NULL
98;156;260;350;NULL;2131250;NULL;NULL
99;156;260;400;NULL;2324000;NULL;NULL
100;156;260;450;NULL;2522250;NULL;NULL
101;156;260;500;NULL;2726000;NULL;NULL
102;156;260;550;NULL;2935250;NULL;NULL
103;156;260;600;NULL;3150000;NULL;NULL
104;156;260;650;NULL;3370250;NULL;NULL
105;156;260;700;NULL;3596000;NULL;NULL
106;156;260;750;NULL;3827250;NULL;NULL
107;156;260;800;NULL;4064000;NULL;NULL
108;156;260;850;NULL;4306250;NULL;NULL
109;156;260;900;NULL;4554000;NULL;NULL
110;156;260;950;NULL;4807250;NULL;NULL
111;156;260;1000;NULL;5066000;NULL;NULL
112;156;260;NULL;1;1762250;NULL;NULL
113;156;260;NULL;2;2726000;NULL;NULL
114;156;260;NULL;3;3827250;NULL;NULL
115;156;260;NULL;4;5066000;NULL;NULL
116;198;156;100;NULL;625000;NULL;NULL
117;198;156;150;NULL;679800;NULL;NULL
118;198;156;200;NULL;736700;NULL;NULL
119;198;156;250;NULL;795700;NULL;NULL
120;198;156;300;NULL;856800;NULL;NULL
121;198;156;350;NULL;920000;NULL;NULL
122;198;156;400;NULL;985300;NULL;NULL
123;198;156;450;NULL;1052700;NULL;NULL
124;198;156;500;NULL;1122200;NULL;NULL
125;198;156;550;NULL;1193800;NULL;NULL
126;198;156;600;NULL;1267500;NULL;NULL
127;198;156;650;NULL;1343300;NULL;NULL
128;198;156;700;NULL;1421200;NULL;NULL
129;198;156;750;NULL;1501200;NULL;NULL
130;198;156;800;NULL;1583300;NULL;NULL
131;198;156;850;NULL;1667500;NULL;NULL
132;198;156;900;NULL;1753800;NULL;NULL
133;198;156;950;NULL;1842200;NULL;NULL
134;198;156;1000;NULL;1925000;NULL;NULL
135;198;156;NULL;1;795700;NULL;NULL
136;198;156;NULL;2;1122200;NULL;NULL
137;198;156;NULL;3;1501200;NULL;NULL
138;198;156;NULL;4;1925000;NULL;NULL
139;198;208;100;NULL;375000;NULL;NULL
140;198;208;150;NULL;395250;NULL;NULL
141;198;208;200;NULL;415500;NULL;NULL
142;198;208;250;NULL;435750;NULL;NULL
143;198;208;300;NULL;456000;NULL;NULL
144;198;208;350;NULL;476250;NULL;NULL
145;198;208;400;NULL;496500;NULL;NULL
146;198;208;450;NULL;516750;NULL;NULL
147;198;208;500;NULL;537000;NULL;NULL
148;198;208;550;NULL;557250;NULL;NULL
149;198;208;600;NULL;577500;NULL;NULL
150;198;208;650;NULL;597750;NULL;NULL
151;198;208;700;NULL;618000;NULL;NULL
152;198;208;750;NULL;638250;NULL;NULL
153;198;208;800;NULL;658500;NULL;NULL
154;198;208;850;NULL;678750;NULL;NULL
155;198;208;900;NULL;699000;NULL;NULL
156;198;208;950;NULL;719250;NULL;NULL
157;198;208;1000;NULL;739500;NULL;NULL
158;198;208;NULL;1;435750;NULL;NULL
159;198;208;NULL;2;537000;NULL;NULL
160;198;208;NULL;3;638250;NULL;NULL
161;198;208;NULL;4;739500;NULL;NULL
162;198;212;100;NULL;375.000;NULL;NULL
163;198;212;150;NULL;395.250;NULL;NULL
164;198;212;200;NULL;415.500;NULL;NULL
165;198;212;250;NULL;435.750;NULL;NULL
166;198;212;300;NULL;456.000;NULL;NULL
167;198;212;350;NULL;476.250;NULL;NULL
168;198;212;400;NULL;496.500;NULL;NULL
169;198;212;450;NULL;516.750;NULL;NULL
170;198;212;500;NULL;537.000;NULL;NULL
171;198;212;550;NULL;557.250;NULL;NULL
172;198;212;600;NULL;577.500;NULL;NULL
173;198;212;650;NULL;597.750;NULL;NULL
174;198;212;700;NULL;618.000;NULL;NULL
175;198;212;750;NULL;638.250;NULL;NULL
176;198;212;800;NULL;658.500;NULL;NULL
177;198;212;850;NULL;678.750;NULL;NULL
178;198;212;900;NULL;699.000;NULL;NULL
179;198;212;950;NULL;719.250;NULL;NULL
180;198;212;1000;NULL;739.500;NULL;NULL
181;198;212;NULL;1;435.750;NULL;NULL
182;198;212;NULL;2;537.000;NULL;NULL
183;198;212;NULL;3;638.250;NULL;NULL
184;198;212;NULL;4;739.500;NULL;NULL
185;198;221;100;NULL;500000;NULL;NULL
186;198;221;150;NULL;551050;NULL;NULL
187;198;221;200;NULL;604200;NULL;NULL
188;198;221;250;NULL;659450;NULL;NULL
189;198;221;300;NULL;716800;NULL;NULL
190;198;221;350;NULL;776250;NULL;NULL
191;198;221;400;NULL;837800;NULL;NULL
192;198;221;450;NULL;901450;NULL;NULL
193;198;221;500;NULL;967200;NULL;NULL
194;198;221;550;NULL;1035050;NULL;NULL
195;198;221;600;NULL;1105000;NULL;NULL
196;198;221;650;NULL;1177050;NULL;NULL
197;198;221;700;NULL;1251200;NULL;NULL
198;198;221;750;NULL;1327450;NULL;NULL
199;198;221;800;NULL;1405800;NULL;NULL
200;198;221;850;NULL;1486250;NULL;NULL
201;198;221;900;NULL;1568800;NULL;NULL
202;198;221;950;NULL;1653450;NULL;NULL
203;198;221;1000;NULL;1740200;NULL;NULL
204;198;221;NULL;1;1467968;NULL;NULL
205;198;221;NULL;2;967200;NULL;NULL
206;198;221;NULL;3;1327450;NULL;NULL
207;198;221;NULL;4;1740200;NULL;NULL
208;198;260;100;NULL;750000;NULL;NULL
209;198;260;150;NULL;892500;NULL;NULL
210;198;260;200;NULL;1040000;NULL;NULL
211;198;260;250;NULL;1192500;NULL;NULL
212;198;260;300;NULL;1350000;NULL;NULL
213;198;260;350;NULL;1512500;NULL;NULL
214;198;260;400;NULL;1680000;NULL;NULL
215;198;260;450;NULL;1852500;NULL;NULL
216;198;260;500;NULL;2030000;NULL;NULL
217;198;260;550;NULL;2168250;NULL;NULL
218;198;260;600;NULL;2310000;NULL;NULL
219;198;260;650;NULL;2455250;NULL;NULL
220;198;260;700;NULL;2604000;NULL;NULL
221;198;260;750;NULL;2756250;NULL;NULL
222;198;260;800;NULL;2912000;NULL;NULL
223;198;260;850;NULL;3071250;NULL;NULL
224;198;260;900;NULL;3234000;NULL;NULL
225;198;260;950;NULL;3400250;NULL;NULL
226;198;260;1000;NULL;3570000;NULL;NULL
227;198;260;NULL;1;1192500;NULL;NULL
228;198;260;NULL;2;2030000;NULL;NULL
229;198;260;NULL;3;2756250;NULL;NULL
230;198;260;NULL;4;3570000;NULL;NULL
231;208;156;100;NULL;750000;NULL;NULL
232;208;156;150;NULL;830437;NULL;NULL
233;208;156;200;NULL;914250;NULL;NULL
234;208;156;250;NULL;1001437;NULL;NULL
235;208;156;300;NULL;1092000;NULL;NULL
236;208;156;350;NULL;1185937;NULL;NULL
237;208;156;400;NULL;1283250;NULL;NULL
238;208;156;450;NULL;1383937;NULL;NULL
239;208;156;500;NULL;1488000;NULL;NULL
240;208;156;550;NULL;1595437;NULL;NULL
241;208;156;600;NULL;1706250;NULL;NULL
242;208;156;650;NULL;1820437;NULL;NULL
243;208;156;700;NULL;1938000;NULL;NULL
244;208;156;750;NULL;2058937;NULL;NULL
245;208;156;800;NULL;2183250;NULL;NULL
246;208;156;850;NULL;2310937;NULL;NULL
247;208;156;900;NULL;2442000;NULL;NULL
248;208;156;950;NULL;2576437;NULL;NULL
249;208;156;1000;NULL;2714250;NULL;NULL
250;208;156;NULL;1;1001437;NULL;NULL
251;208;156;NULL;2;1488000;NULL;NULL
252;208;156;NULL;3;2058937;NULL;NULL
253;208;156;NULL;4;2714250;NULL;NULL
254;208;198;100;NULL;375000;NULL;NULL
255;208;198;150;NULL;395250;NULL;NULL
256;208;198;200;NULL;415500;NULL;NULL
257;208;198;250;NULL;435750;NULL;NULL
258;208;198;300;NULL;456000;NULL;NULL
259;208;198;350;NULL;476250;NULL;NULL
260;208;198;400;NULL;496500;NULL;NULL
261;208;198;450;NULL;516750;NULL;NULL
262;208;198;500;NULL;537000;NULL;NULL
263;208;198;550;NULL;557250;NULL;NULL
264;208;198;600;NULL;577500;NULL;NULL
265;208;198;650;NULL;597750;NULL;NULL
266;208;198;700;NULL;618000;NULL;NULL
267;208;198;750;NULL;638250;NULL;NULL
268;208;198;800;NULL;658500;NULL;NULL
269;208;198;850;NULL;678750;NULL;NULL
270;208;198;900;NULL;699000;NULL;NULL
271;208;198;950;NULL;719250;NULL;NULL
272;208;198;1000;NULL;739500;NULL;NULL
273;208;198;NULL;1;435750;NULL;NULL
274;208;198;NULL;2;537000;NULL;NULL
275;208;198;NULL;3;638250;NULL;NULL
276;208;198;NULL;4;739500;NULL;NULL
277;208;221;100;NULL;625000;NULL;NULL
278;208;221;150;NULL;679800;NULL;NULL
279;208;221;200;NULL;736700;NULL;NULL
280;208;221;250;NULL;795700;NULL;NULL
281;208;221;300;NULL;856800;NULL;NULL
282;208;221;350;NULL;920000;NULL;NULL
283;208;221;400;NULL;985300;NULL;NULL
284;208;221;450;NULL;1052700;NULL;NULL
285;208;221;500;NULL;1122200;NULL;NULL
286;208;221;550;NULL;1193800;NULL;NULL
287;208;221;600;NULL;1267500;NULL;NULL
288;208;221;650;NULL;1343300;NULL;NULL
289;208;221;700;NULL;1421200;NULL;NULL
290;208;221;750;NULL;1501200;NULL;NULL
291;208;221;800;NULL;1583300;NULL;NULL
292;208;221;850;NULL;1667500;NULL;NULL
293;208;221;900;NULL;1753800;NULL;NULL
294;208;221;950;NULL;1842200;NULL;NULL
295;208;221;1000;NULL;1932700;NULL;NULL
296;208;221;NULL;1;1467968;NULL;NULL
297;208;221;NULL;2;1122200;NULL;NULL
298;208;221;NULL;3;1501200;NULL;NULL
299;208;221;NULL;4;1932700;NULL;NULL
300;208;260;100;NULL;750000;NULL;NULL
301;208;260;150;NULL;892500;NULL;NULL
302;208;260;200;NULL;1040000;NULL;NULL
303;208;260;250;NULL;1192500;NULL;NULL
304;208;260;300;NULL;1350000;NULL;NULL
305;208;260;350;NULL;1512500;NULL;NULL
306;208;260;400;NULL;1680000;NULL;NULL
307;208;260;450;NULL;1852500;NULL;NULL
308;208;260;500;NULL;2030000;NULL;NULL
309;208;260;550;NULL;2168250;NULL;NULL
310;208;260;600;NULL;2310000;NULL;NULL
311;208;260;650;NULL;2455250;NULL;NULL
312;208;260;700;NULL;2604000;NULL;NULL
313;208;260;750;NULL;2756250;NULL;NULL
314;208;260;800;NULL;2912000;NULL;NULL
315;208;260;850;NULL;3071250;NULL;NULL
316;208;260;900;NULL;3234000;NULL;NULL
317;208;260;950;NULL;3400250;NULL;NULL
318;208;260;1000;NULL;3570000;NULL;NULL
319;208;260;NULL;1;1192500;NULL;NULL
320;208;260;NULL;2;2030000;NULL;NULL
321;208;260;NULL;3;2756250;NULL;NULL
322;208;260;NULL;4;3570000;NULL;NULL
323;212;156;100;NULL;750000;NULL;NULL
324;212;156;150;NULL;830437;NULL;NULL
325;212;156;200;NULL;914250;NULL;NULL
326;212;156;250;NULL;1001437;NULL;NULL
327;212;156;300;NULL;1092000;NULL;NULL
328;212;156;350;NULL;1185937;NULL;NULL
329;212;156;400;NULL;1283250;NULL;NULL
330;212;156;450;NULL;1383937;NULL;NULL
331;212;156;500;NULL;1488000;NULL;NULL
332;212;156;550;NULL;1595437;NULL;NULL
333;212;156;600;NULL;1706250;NULL;NULL
334;212;156;650;NULL;1820437;NULL;NULL
335;212;156;700;NULL;1938000;NULL;NULL
336;212;156;750;NULL;2058937;NULL;NULL
337;212;156;800;NULL;2183250;NULL;NULL
338;212;156;850;NULL;2310937;NULL;NULL
339;212;156;900;NULL;2442000;NULL;NULL
340;212;156;950;NULL;2576437;NULL;NULL
341;212;156;1000;NULL;2714250;NULL;NULL
342;212;156;NULL;1;1001437;NULL;NULL
343;212;156;NULL;2;1488000;NULL;NULL
344;212;156;NULL;3;2058937;NULL;NULL
345;212;156;NULL;4;2714250;NULL;NULL
346;212;198;100;NULL;375000;NULL;NULL
347;212;198;150;NULL;395250;NULL;NULL
348;212;198;200;NULL;415500;NULL;NULL
349;212;198;250;NULL;435750;NULL;NULL
350;212;198;300;NULL;456000;NULL;NULL
351;212;198;350;NULL;476250;NULL;NULL
352;212;198;400;NULL;496500;NULL;NULL
353;212;198;450;NULL;516750;NULL;NULL
354;212;198;500;NULL;537000;NULL;NULL
355;212;198;550;NULL;557250;NULL;NULL
356;212;198;600;NULL;577500;NULL;NULL
357;212;198;650;NULL;597750;NULL;NULL
358;212;198;700;NULL;618000;NULL;NULL
359;212;198;750;NULL;638250;NULL;NULL
360;212;198;800;NULL;658500;NULL;NULL
361;212;198;850;NULL;678750;NULL;NULL
362;212;198;900;NULL;699000;NULL;NULL
363;212;198;950;NULL;719250;NULL;NULL
364;212;198;1000;NULL;739500;NULL;NULL
365;212;198;NULL;1;435750;NULL;NULL
366;212;198;NULL;2;537000;NULL;NULL
367;212;198;NULL;3;638250;NULL;NULL
368;212;198;NULL;4;739500;NULL;NULL
369;212;221;100;NULL;625000;NULL;NULL
370;212;221;150;NULL;679800;NULL;NULL
371;212;221;200;NULL;736700;NULL;NULL
372;212;221;250;NULL;795700;NULL;NULL
373;212;221;300;NULL;856800;NULL;NULL
374;212;221;350;NULL;920000;NULL;NULL
375;212;221;400;NULL;985300;NULL;NULL
376;212;221;450;NULL;1052700;NULL;NULL
377;212;221;500;NULL;1122200;NULL;NULL
378;212;221;550;NULL;1193800;NULL;NULL
379;212;221;600;NULL;1267500;NULL;NULL
380;212;221;650;NULL;1343300;NULL;NULL
381;212;221;700;NULL;1421200;NULL;NULL
382;212;221;750;NULL;1501200;NULL;NULL
383;212;221;800;NULL;1583300;NULL;NULL
384;212;221;850;NULL;1667500;NULL;NULL
385;212;221;900;NULL;1753800;NULL;NULL
386;212;221;950;NULL;1842200;NULL;NULL
387;212;221;1000;NULL;1932700;NULL;NULL
388;212;221;NULL;1;1467968;NULL;NULL
389;212;221;NULL;2;1122200;NULL;NULL
390;212;221;NULL;3;1501200;NULL;NULL
391;212;221;NULL;4;1932700;NULL;NULL
392;212;260;100;NULL;750000;NULL;NULL
393;212;260;150;NULL;892500;NULL;NULL
394;212;260;200;NULL;1040000;NULL;NULL
395;212;260;250;NULL;1192500;NULL;NULL
396;212;260;300;NULL;1350000;NULL;NULL
397;212;260;350;NULL;1512500;NULL;NULL
398;212;260;400;NULL;1680000;NULL;NULL
399;212;260;450;NULL;1852500;NULL;NULL
400;212;260;500;NULL;2030000;NULL;NULL
401;212;260;550;NULL;2168250;NULL;NULL
402;212;260;600;NULL;2310000;NULL;NULL
403;212;260;650;NULL;2455250;NULL;NULL
404;212;260;700;NULL;2604000;NULL;NULL
405;212;260;750;NULL;2756250;NULL;NULL
406;212;260;800;NULL;2912000;NULL;NULL
407;212;260;850;NULL;3071250;NULL;NULL
408;212;260;900;NULL;3234000;NULL;NULL
409;212;260;950;NULL;3400250;NULL;NULL
410;212;260;1000;NULL;3570000;NULL;NULL
411;212;260;NULL;1;1192500;NULL;NULL
412;212;260;NULL;2;2030000;NULL;NULL
413;212;260;NULL;3;2756250;NULL;NULL
414;212;260;NULL;4;3570000;NULL;NULL
415;221;156;100;NULL;750000;NULL;NULL
416;221;156;150;NULL;828750;NULL;NULL
417;221;156;200;NULL;910000;NULL;NULL
418;221;156;250;NULL;993750;NULL;NULL
419;221;156;300;NULL;1080000;NULL;NULL
420;221;156;350;NULL;1168750;NULL;NULL
421;221;156;400;NULL;1260000;NULL;NULL
422;221;156;450;NULL;1353750;NULL;NULL
423;221;156;500;NULL;1450000;NULL;NULL
424;221;156;550;NULL;1548750;NULL;NULL
425;221;156;600;NULL;1650000;NULL;NULL
426;221;156;650;NULL;1753750;NULL;NULL
427;221;156;700;NULL;1860000;NULL;NULL
428;221;156;750;NULL;1968750;NULL;NULL
429;221;156;800;NULL;2080000;NULL;NULL
430;221;156;850;NULL;2193750;NULL;NULL
431;221;156;900;NULL;2310000;NULL;NULL
432;221;156;950;NULL;2428750;NULL;NULL
433;221;156;1000;NULL;2550000;NULL;NULL
434;221;156;NULL;1;1467968;NULL;NULL
435;221;156;NULL;2;1450000;NULL;NULL
436;221;156;NULL;3;1968750;NULL;NULL
437;221;156;NULL;4;2550000;NULL;NULL
438;221;198;100;NULL;500000;NULL;NULL
439;221;198;150;NULL;551050;NULL;NULL
440;221;198;200;NULL;604200;NULL;NULL
441;221;198;250;NULL;659450;NULL;NULL
442;221;198;300;NULL;716800;NULL;NULL
443;221;198;350;NULL;776250;NULL;NULL
444;221;198;400;NULL;837800;NULL;NULL
445;221;198;450;NULL;901450;NULL;NULL
446;221;198;500;NULL;967200;NULL;NULL
447;221;198;550;NULL;1035050;NULL;NULL
448;221;198;600;NULL;1105000;NULL;NULL
449;221;198;650;NULL;1177050;NULL;NULL
450;221;198;700;NULL;1251200;NULL;NULL
451;221;198;750;NULL;1327450;NULL;NULL
452;221;198;800;NULL;1405800;NULL;NULL
453;221;198;850;NULL;1486250;NULL;NULL
454;221;198;900;NULL;1568800;NULL;NULL
455;221;198;950;NULL;1653450;NULL;NULL
456;221;198;1000;NULL;1740200;NULL;NULL
457;221;198;NULL;1;659450;NULL;NULL
458;221;198;NULL;2;967200;NULL;NULL
459;221;198;NULL;3;1327450;NULL;NULL
460;221;198;NULL;4;1740200;NULL;NULL
461;221;208;100;NULL;625000;NULL;NULL
462;221;208;150;NULL;679800;NULL;NULL
463;221;208;200;NULL;736700;NULL;NULL
464;221;208;250;NULL;795700;NULL;NULL
465;221;208;300;NULL;856800;NULL;NULL
466;221;208;350;NULL;920000;NULL;NULL
467;221;208;400;NULL;985300;NULL;NULL
468;221;208;450;NULL;1052700;NULL;NULL
469;221;208;500;NULL;1122200;NULL;NULL
470;221;208;550;NULL;1193800;NULL;NULL
471;221;208;600;NULL;1267500;NULL;NULL
472;221;208;650;NULL;1343300;NULL;NULL
473;221;208;700;NULL;1421200;NULL;NULL
474;221;208;750;NULL;1501200;NULL;NULL
475;221;208;800;NULL;1583300;NULL;NULL
476;221;208;850;NULL;1667500;NULL;NULL
477;221;208;900;NULL;1753800;NULL;NULL
478;221;208;950;NULL;1842200;NULL;NULL
479;221;208;1000;NULL;1932700;NULL;NULL
480;221;208;NULL;1;795700;NULL;NULL
481;221;208;NULL;2;1122200;NULL;NULL
482;221;208;NULL;3;1501200;NULL;NULL
483;221;208;NULL;4;1932700;NULL;NULL
484;221;212;100;NULL;625000;NULL;NULL
485;221;212;150;NULL;679800;NULL;NULL
486;221;212;200;NULL;736700;NULL;NULL
487;221;212;250;NULL;795700;NULL;NULL
488;221;212;300;NULL;856800;NULL;NULL
489;221;212;350;NULL;920000;NULL;NULL
490;221;212;400;NULL;985300;NULL;NULL
491;221;212;450;NULL;1052700;NULL;NULL
492;221;212;500;NULL;1122200;NULL;NULL
493;221;212;550;NULL;1193800;NULL;NULL
494;221;212;600;NULL;1267500;NULL;NULL
495;221;212;650;NULL;1343300;NULL;NULL
496;221;212;700;NULL;1421200;NULL;NULL
497;221;212;750;NULL;1501200;NULL;NULL
498;221;212;800;NULL;1583300;NULL;NULL
499;221;212;850;NULL;1667500;NULL;NULL
500;221;212;900;NULL;1753800;NULL;NULL
501;221;212;950;NULL;1842200;NULL;NULL
502;221;212;1000;NULL;1932700;NULL;NULL
503;221;212;NULL;1;795700;NULL;NULL
504;221;212;NULL;2;1122200;NULL;NULL
505;221;212;NULL;3;1501200;NULL;NULL
506;221;212;NULL;4;1932700;NULL;NULL
507;221;260;100;NULL;625000;NULL;NULL
508;221;260;150;NULL;707625;NULL;NULL
509;221;260;200;NULL;793000;NULL;NULL
510;221;260;250;NULL;881125;NULL;NULL
511;221;260;300;NULL;972000;NULL;NULL
512;221;260;350;NULL;1065625;NULL;NULL
513;221;260;400;NULL;1162000;NULL;NULL
514;221;260;450;NULL;1261125;NULL;NULL
515;221;260;500;NULL;1363000;NULL;NULL
516;221;260;550;NULL;1467625;NULL;NULL
517;221;260;600;NULL;1575000;NULL;NULL
518;221;260;650;NULL;1685125;NULL;NULL
519;221;260;700;NULL;1798000;NULL;NULL
520;221;260;750;NULL;1913625;NULL;NULL
521;221;260;800;NULL;2032000;NULL;NULL
522;221;260;850;NULL;2153125;NULL;NULL
523;221;260;900;NULL;2277000;NULL;NULL
524;221;260;950;NULL;2403625;NULL;NULL
525;221;260;1000;NULL;2533000;NULL;NULL
526;221;260;NULL;1;881125;NULL;NULL
527;221;260;NULL;2;1363000;NULL;NULL
528;221;260;NULL;3;1913625;NULL;NULL
529;221;260;NULL;4;2533000;NULL;NULL
530;260;156;100;NULL;1250000;NULL;NULL
531;260;156;150;NULL;1415250;NULL;NULL
532;260;156;200;NULL;1586000;NULL;NULL
533;260;156;250;NULL;1762250;NULL;NULL
534;260;156;300;NULL;1944000;NULL;NULL
535;260;156;350;NULL;2131250;NULL;NULL
536;260;156;400;NULL;2324000;NULL;NULL
537;260;156;450;NULL;2522250;NULL;NULL
538;260;156;500;NULL;2726000;NULL;NULL
539;260;156;550;NULL;2935250;NULL;NULL
540;260;156;600;NULL;3150000;NULL;NULL
541;260;156;650;NULL;3370250;NULL;NULL
542;260;156;700;NULL;3596000;NULL;NULL
543;260;156;750;NULL;3827250;NULL;NULL
544;260;156;800;NULL;4064000;NULL;NULL
545;260;156;850;NULL;4306250;NULL;NULL
546;260;156;900;NULL;4554000;NULL;NULL
547;260;156;950;NULL;4807250;NULL;NULL
548;260;156;1000;NULL;5066000;NULL;NULL
549;260;156;NULL;1;1762250;NULL;NULL
550;260;156;NULL;2;2726000;NULL;NULL
551;260;156;NULL;3;3827250;NULL;NULL
552;260;156;NULL;4;5066000;NULL;NULL
553;260;198;100;NULL;750000;NULL;NULL
554;260;198;150;NULL;892500;NULL;NULL
555;260;198;200;NULL;1040000;NULL;NULL
556;260;198;250;NULL;1192500;NULL;NULL
557;260;198;300;NULL;1350000;NULL;NULL
558;260;198;350;NULL;1512500;NULL;NULL
559;260;198;400;NULL;1680000;NULL;NULL
560;260;198;450;NULL;1852500;NULL;NULL
561;260;198;500;NULL;2030000;NULL;NULL
562;260;198;550;NULL;2168250;NULL;NULL
563;260;198;600;NULL;2310000;NULL;NULL
564;260;198;650;NULL;2455250;NULL;NULL
565;260;198;700;NULL;2604000;NULL;NULL
566;260;198;750;NULL;2756250;NULL;NULL
567;260;198;800;NULL;2912000;NULL;NULL
568;260;198;850;NULL;3071250;NULL;NULL
569;260;198;900;NULL;3234000;NULL;NULL
570;260;198;950;NULL;3400250;NULL;NULL
571;260;198;1000;NULL;3570000;NULL;NULL
572;260;198;NULL;1;1192500;NULL;NULL
573;260;198;NULL;2;2030000;NULL;NULL
574;260;198;NULL;3;2756250;NULL;NULL
575;260;198;NULL;4;3570000;NULL;NULL
576;260;208;100;NULL;750000;NULL;NULL
577;260;208;150;NULL;892500;NULL;NULL
578;260;208;200;NULL;1040000;NULL;NULL
579;260;208;250;NULL;1192500;NULL;NULL
580;260;208;300;NULL;1350000;NULL;NULL
581;260;208;350;NULL;1512500;NULL;NULL
582;260;208;400;NULL;1680000;NULL;NULL
583;260;208;450;NULL;1852500;NULL;NULL
584;260;208;500;NULL;2030000;NULL;NULL
585;260;208;550;NULL;2168250;NULL;NULL
586;260;208;600;NULL;2310000;NULL;NULL
587;260;208;650;NULL;2455250;NULL;NULL
588;260;208;700;NULL;2604000;NULL;NULL
589;260;208;750;NULL;2756250;NULL;NULL
590;260;208;800;NULL;2912000;NULL;NULL
591;260;208;850;NULL;3071250;NULL;NULL
592;260;208;900;NULL;3234000;NULL;NULL
593;260;208;950;NULL;3400250;NULL;NULL
594;260;208;1000;NULL;3570000;NULL;NULL
595;260;208;NULL;1;1192500;NULL;NULL
596;260;208;NULL;2;2030000;NULL;NULL
597;260;208;NULL;3;2756250;NULL;NULL
598;260;208;NULL;4;3570000;NULL;NULL
599;260;212;100;NULL;750000;NULL;NULL
600;260;212;150;NULL;892500;NULL;NULL
601;260;212;200;NULL;1040000;NULL;NULL
602;260;212;250;NULL;1192500;NULL;NULL
603;260;212;300;NULL;1350000;NULL;NULL
604;260;212;350;NULL;1512500;NULL;NULL
605;260;212;400;NULL;1680000;NULL;NULL
606;260;212;450;NULL;1852500;NULL;NULL
607;260;212;500;NULL;2030000;NULL;NULL
608;260;212;550;NULL;2168250;NULL;NULL
609;260;212;600;NULL;2310000;NULL;NULL
610;260;212;650;NULL;2455250;NULL;NULL
611;260;212;700;NULL;2604000;NULL;NULL
612;260;212;750;NULL;2756250;NULL;NULL
613;260;212;800;NULL;2912000;NULL;NULL
614;260;212;850;NULL;3071250;NULL;NULL
615;260;212;900;NULL;3234000;NULL;NULL
616;260;212;950;NULL;3400250;NULL;NULL
617;260;212;1000;NULL;3570000;NULL;NULL
618;260;212;NULL;1;1192500;NULL;NULL
619;260;212;NULL;2;2030000;NULL;NULL
620;260;212;NULL;3;2756250;NULL;NULL
621;260;212;NULL;4;3570000;NULL;NULL
622;260;221;100;NULL;625000;NULL;NULL
623;260;221;150;NULL;707625;NULL;NULL
624;260;221;200;NULL;793000;NULL;NULL
625;260;221;250;NULL;881125;NULL;NULL
626;260;221;300;NULL;972000;NULL;NULL
627;260;221;350;NULL;1065625;NULL;NULL
628;260;221;400;NULL;1162000;NULL;NULL
629;260;221;450;NULL;1261125;NULL;NULL
630;260;221;500;NULL;1363000;NULL;NULL
631;260;221;550;NULL;1467625;NULL;NULL
632;260;221;600;NULL;1575000;NULL;NULL
633;260;221;650;NULL;1685125;NULL;NULL
634;260;221;700;NULL;1798000;NULL;NULL
635;260;221;750;NULL;1913625;NULL;NULL
636;260;221;800;NULL;2032000;NULL;NULL
637;260;221;850;NULL;2153125;NULL;NULL
638;260;221;900;NULL;2277000;NULL;NULL
639;260;221;950;NULL;2403625;NULL;NULL
640;260;221;1000;NULL;2533000;NULL;NULL
641;260;221;NULL;1;1467968;NULL;NULL
642;260;221;NULL;2;1363000;NULL;NULL
643;260;221;NULL;3;1913625;NULL;NULL
644;260;221;NULL;4;2533000;NULL;NULL
